Store Id,Post Code,City,Address,Opened Date
1525eec4-7bed-4597-bf5a-e06fcede5f4f,AB11 5PS,Aberdeen,"LSU 1A Union Square ,Guild Street",21-02-1965
15773203-9ce4-4ee1-9373-543b940fa293,AB25 1HZ,Aberdeen,"1 Bon Accord Centre ,George Street",20-01-1982
f202ea77-6237-4caf-8d97-03c10d41a53c,AB42 1 ZP,Peterhead,"Unit B1  Drummers,Corner",12-03-1994
859aac4f-e34d-4392-aef7-9c0c14e49782,G81 2TL,Clydebank,106 Sylvania Way,13-06-1958
99d806bf-e630-490d-a769-7a76c0db3d92,G82 1LJ,Dumbarton,Unit 12 The Artizan Centre,28-01-1970
1434b5a1-f070-4aad-b93b-8bcf8ebe56fe,GL1 1QN,Gloucester,5-7 Brunswick Road,30-09-2002
5cbad6e9-0574-40ce-938c-37ad3b1a9b3d,GL5 1RR,Stroud,Unit C Merrywalks Shopping Centre,31-10-1994
